<?xml version="1.0" encoding="UTF-8"?>
<project-private xmlns="http://www.netbeans.org/ns/project-private/1">
    <editor-bookmarks xmlns="http://www.netbeans.org/ns/editor-bookmarks/2" lastBookmarkId="0"/>
    <open-files xmlns="http://www.netbeans.org/ns/projectui-open-files/2">
        <group>
            <file>file:/C:/Users/ABD%20ALL/Documents/NetBeansProjects/JavaFX-Project-main/src/Controller/Admin/CreateUserController.java</file>
            <file>file:/C:/Users/ABD%20ALL/Documents/NetBeansProjects/JavaFX-Project-main/src/Controller/Admin/UpdateAccountController.java</file>
            <file>file:/C:/Users/ABD%20ALL/Documents/NetBeansProjects/JavaFX-Project-main/src/View/AdminFXML/UpdateAccount.fxml</file>
            <file>file:/C:/Users/ABD%20ALL/Documents/NetBeansProjects/JavaFX-Project-main/src/Controller/Admin/UpdateUserPageController.java</file>
            <file>file:/C:/Users/ABD%20ALL/Documents/NetBeansProjects/JavaFX-Project-main/src/Controller/Admin/AccountCreateController.java</file>
        </group>
    </open-files>
</project-private>
